"Name","Team","SV","HLD","BS","L","ERA","FIP","SIERA","WHIP","BABIP","K%","BB%","SwStr%","CSW%","playerid"
"Tommy Hunter","NYM","0","0","0","0","0.00","3.50","4.66","1.17",".235","19.2%","11.5%","5.4%","19.6%","1157"
"Oliver Perez","CLE","0","0","0","1","0.00","1.81","3.28","1.64",".385","22.2%","5.6%","10.7%","33.9%","1514"
"Charlie Culberson","TEX","0","0","0","0","0.00","3.17","5.33","1.00",".250","0.0%","0.0%","0.0%","0.0%","3298"
"Anthony Rizzo","CHC","0","0","0","0","0.00","4.67","7.06","1.50",".000","33.3%","33.3%","6.7%","33.3%","3473"
"Danny Duffy","KCR","0","0","0","0","0.00","1.17","-0.52","0.00",".000","33.3%","0.0%","26.7%","40.0%","3542"
"Pedro Strop","CHC","0","0","0","0","0.00","3.17","4.16","2.00",".400","30.0%","20.0%","11.1%","33.3%","4070"
"Asdrubal Cabrera","ARI","0","0","0","0","0.00","3.17","6.21","0.75",".250","0.0%","0.0%","0.0%","17.6%","4962"
"Sandy Leon","MIA","0","0","0","0","0.00","3.17","7.53","0.00",".000","0.0%","0.0%","8.3%","25.0%","5273"
"Jesse Chavez","ATL","0","0","0","0","0.00","0.36","1.14","0.38",".125","50.0%","5.6%","10.0%","41.4%","5448"
"Marwin Gonzalez","BOS","0","0","0","0","0.00","3.17","4.90","0.00",".000","0.0%","0.0%","0.0%","9.1%","5497"
"Hernan Perez","WSN","0","0","0","0","0.00","1.17","3.78","0.50",".200","28.6%","0.0%","18.8%","18.8%","5751"
"Trevor Cahill","PIT","0","0","0","0","0.00","5.42","8.68","2.25",".000","42.9%","42.9%","8.6%","28.6%","6249"
"Jake Odorizzi","HOU","0","0","0","0","0.00","1.67","2.83","0.50",".182","21.4%","0.0%","16.4%","34.5%","6397"
"Wily Peralta","DET","0","1","0","0","0.00","3.92","6.32","0.75",".000","20.0%","20.0%","12.5%","29.2%","7738"
"Matt Carpenter","STL","0","0","0","0","0.00","5.42","8.59","1.50",".400","0.0%","0.0%","0.0%","23.1%","8090"
"Tanner Roark","TOR","0","0","0","0","0.00","3.17","4.51","0.75",".091","18.8%","12.5%","4.2%","20.8%","8753"
"Mike Freeman","CIN","0","0","0","0","0.00","-2.83","-0.16","0.00",".000","100.0%","0.0%","0.0%","75.0%","11241"
"Ronald Torreyes","PHI","0","0","0","0","0.00","3.17","7.53","0.00",".000","0.0%","0.0%","0.0%","40.0%","11400"
"Hanser Alberto","KCR","0","0","0","0","0.00","3.17","13.43","0.00",".000","0.0%","0.0%","0.0%","0.0%","11902"
"Domingo Tapia","SEA","0","0","0","0","0.00","3.67","4.67","2.50",".444","9.1%","9.1%","11.4%","22.9%","12178"
"Phillip Evans","PIT","0","0","0","0","0.00","3.17","9.93","0.00",".000","0.0%","0.0%","0.0%","0.0%","12950"
"Joe Musgrove","SDP","0","0","0","0","0.00","2.57","3.73","0.00",".000","18.8%","0.0%","11.9%","27.1%","12970"
"Ross Stripling","TOR","0","0","0","0","0.00","2.46","2.96","0.57",".143","29.2%","8.3%","14.5%","32.9%","13273"
"Danny Coulombe","MIN","0","0","0","0","0.00","0.80","1.90","0.95",".385","39.1%","4.3%","17.0%","29.8%","13293"
"Brandon Brennan","BOS","0","0","0","0","0.00","4.50","6.87","1.67",".375","9.1%","18.2%","16.7%","23.8%","13527"
"Matt Duffy","CHC","0","0","0","0","0.00","3.17","-1.00","0.00",".000","0.0%","0.0%","0.0%","20.0%","13836"
"Daniel Robertson","MIL","0","0","0","0","0.00","3.17","6.21","1.00",".250","0.0%","0.0%","10.0%","30.0%","14145"
"Wyatt Mathisen","ARI","0","0","0","0","0.00","3.17","7.10","1.00",".250","0.0%","0.0%","0.0%","10.0%","14555"
"Jandel Gustave","MIL","0","0","0","0","0.00","4.17","1.32","0.00",".000","33.3%","0.0%","12.5%","25.0%","14665"
"Harold Castro","DET","0","0","0","0","0.00","6.55","10.81","1.13",".000","0.0%","27.3%","0.0%","12.5%","14691"
"Pat Valaika","BAL","0","0","0","0","0.00","3.17","3.06","0.00",".000","0.0%","0.0%","0.0%","0.0%","14885"
"Andrew Knapp","PHI","0","0","0","0","0.00","3.17","-1.00","0.00",".000","0.0%","0.0%","0.0%","0.0%","14942"
"Jack Mayfield","SEA","0","0","0","0","0.00","3.17","-1.00","0.00",".000","0.0%","0.0%","0.0%","33.3%","15402"
"Kohl Stewart","CHC","0","0","0","0","0.00","17.17","5.14","2.00",".000","16.7%","16.7%","14.3%","19.0%","15502"
"Lewis Thorpe","MIN","0","0","0","0","0.00","1.17","-0.52","0.00",".000","33.3%","0.0%","10.0%","30.0%","15906"
"Brad Wieck","CHC","0","1","0","0","0.00","1.64","3.01","1.18",".303","39.4%","14.1%","9.6%","30.4%","16390"
"Christian Arroyo","BOS","0","0","0","0","0.00","19.17","10.30","2.00",".000","0.0%","20.0%","0.0%","18.8%","16434"
"James Norwood","SDP","0","0","0","0","0.00","5.17","7.41","2.00",".286","10.0%","20.0%","6.8%","22.7%","16440"
"Erik Swanson","SEA","1","2","0","0","0.00","2.33","3.73","0.84",".133","35.5%","16.1%","16.4%","35.2%","16587"
"Julian Merryweather","TOR","2","1","0","0","0.00","0.63","1.36","0.46",".167","50.0%","7.1%","14.5%","38.2%","16703"
"John Nogowski","PIT","0","0","0","0","0.00","3.17","2.49","1.00",".333","0.0%","0.0%","0.0%","14.3%","16852"
"Joshua Fuentes","COL","0","0","0","0","0.00","3.17","6.21","1.00",".250","0.0%","0.0%","0.0%","22.2%","16885"
"Domingo German","NYY","0","0","0","0","0.00","4.17","1.34","0.67",".167","41.7%","0.0%","21.3%","38.3%","17149"
"Spenser Watkins","BAL","0","0","0","0","0.00","3.17","9.93","0.00",".000","0.0%","0.0%","12.5%","12.5%","17489"
"Max Schrock","CIN","0","0","0","0","0.00","3.17","13.43","0.00",".000","0.0%","0.0%","0.0%","14.3%","17750"
"Logan Webb","SFG","0","1","0","0","0.00","1.17","-0.52","0.00",".000","33.3%","0.0%","18.2%","27.3%","17995"
"Jake Cronenworth","SDP","0","0","0","0","0.00","0.17","2.06","1.50",".500","33.3%","0.0%","14.3%","28.6%","18036"
"Ka'ai Tom","OAK","0","0","0","0","0.00","3.17","6.21","1.00",".250","0.0%","0.0%","5.0%","25.0%","18136"
"Freddy Peralta","MIL","0","0","0","0","0.00","1.67","4.11","2.50","1.000","54.5%","27.3%","17.0%","34.0%","18679"
"Nick Neidert","MIA","0","0","0","0","0.00","2.92","4.54","0.75",".231","12.5%","0.0%","6.2%","27.7%","18699"
"Danny Mendick","CHW","0","0","0","0","0.00","4.17","3.03","1.00",".333","20.0%","0.0%","20.0%","40.0%","18889"
"A.J. Puk","OAK","0","0","0","0","0.00","3.47","5.21","1.20",".143","28.6%","21.4%","9.2%","27.7%","19343"
"Devin Smeltzer","MIN","0","0","0","0","0.00","3.81","4.31","0.43",".091","17.6%","5.9%","11.5%","26.9%","19487"
"J. D. Hammer","PHI","0","0","0","0","0.00","5.17","4.08","2.00",".500","33.3%","16.7%","16.0%","36.0%","19548"
"Tanner Houck","BOS","0","0","0","0","0.00","-0.83","0.74","1.00",".500","50.0%","0.0%","20.0%","26.7%","19879"
"Ramon Rosso","PHI","0","0","0","0","0.00","3.17","3.83","0.75",".250","0.0%","0.0%","0.0%","21.4%","20368"
"Huascar Ynoa","ATL","0","0","0","0","0.00","3.17","5.33","1.00",".250","0.0%","0.0%","0.0%","7.1%","20468"
"Peter Solomon","HOU","0","0","0","0","0.00","3.84","5.62","1.67",".300","14.3%","14.3%","7.0%","24.6%","20476"
"JC Mejia","CLE","0","0","0","0","0.00","0.97","1.66","0.40",".125","43.8%","6.3%","15.6%","33.8%","20617"
"Jordan Holloway","MIA","0","0","0","0","0.00","1.54","2.81","0.59",".171","30.9%","5.5%","12.1%","32.9%","20631"
"Cristopher Sanchez","PHI","0","0","0","0","0.00","0.17","-0.44","0.75",".333","40.0%","0.0%","9.1%","31.8%","20778"
"Eduard Bazardo","BOS","0","0","0","0","0.00","3.17","5.25","1.00",".143","25.0%","16.7%","11.5%","30.8%","20997"
"Jake Cousins","MIL","0","1","0","0","0.00","1.73","2.05","0.44",".077","43.8%","9.4%","22.4%","42.5%","21620"
"Nick Maton","PHI","0","0","0","0","0.00","-2.83","-0.16","0.00",".000","100.0%","0.0%","75.0%","75.0%","21635"
"Angel Rondon","STL","0","0","0","0","0.00","3.67","6.51","1.00",".200","14.3%","14.3%","3.4%","17.2%","22036"
"Johan Oviedo","STL","0","0","0","0","0.00","2.74","3.92","0.86",".182","23.5%","11.8%","16.9%","35.4%","22487"
"Nick Allgeyer","TOR","0","0","0","0","0.00","3.17","6.21","0.00",".000","0.0%","0.0%","7.1%","21.4%","24486"
"Andrew Wantz","LAA","0","0","1","0","0.00","0.77","2.35","0.60",".333","40.0%","0.0%","26.1%","39.1%","24933"
"Caleb Baragar","SFG","1","7","1","1","0.49","3.77","5.94","1.36",".275","17.9%","14.1%","10.7%","24.7%","19231"
"Craig Kimbrel","CHC","20","0","2","2","0.57","1.12","1.75","0.66",".192","46.2%","8.5%","18.9%","38.6%","6655"
"Ryne Harper","WSN","0","0","0","0","0.69","2.32","3.58","0.62",".152","21.7%","6.5%","11.8%","31.7%","12680"
"Ranger Suarez","PHI","1","0","2","2","0.83","3.17","3.02","0.70",".154","25.2%","7.3%","11.2%","29.8%","17277"
"Kendall Graveman","SEA","8","4","2","0","0.95","3.17","3.02","0.60",".154","25.0%","5.0%","10.3%","29.1%","15514"
"David Phelps","TOR","0","4","0","0","0.96","1.67","2.71","1.18",".381","34.2%","7.9%","10.7%","28.4%","6316"
"Josh Osich","CIN","0","3","0","0","0.96","4.24","4.05","0.86",".167","17.6%","8.8%","7.8%","25.8%","11528"
"Andrew Kittredge","TBR","2","4","0","1","0.98","2.46","2.99","0.82",".233","26.1%","5.8%","15.6%","30.1%","12828"
"Josh Hader","MIL","21","0","1","1","1.01","1.49","1.81","0.73",".211","46.2%","9.1%","20.8%","35.3%","14212"
"Nestor Cortes","NYY","0","0","0","0","1.02","1.70","2.99","1.08",".297","35.7%","11.4%","11.4%","29.3%","17874"
"Dominic Leone","SFG","0","5","2","0","1.04","2.59","3.14","0.81",".190","28.4%","7.5%","12.9%","30.0%","13763"
"A.J. Cole","TOR","1","1","1","0","1.13","3.42","3.86","0.88",".238","23.3%","3.3%","12.3%","25.4%","11467"
"Michael Kopech","CHW","0","2","0","0","1.21","2.36","3.19","1.03",".255","32.2%","10.0%","15.1%","31.9%","17282"
"Ryan Burr","CHW","0","2","0","0","1.23","4.06","4.88","0.89",".118","21.8%","14.5%","8.9%","26.0%","17536"
"Kenley Jansen","LAD","21","0","2","2","1.27","3.17","4.25","1.02",".176","29.5%","15.8%","14.4%","31.5%","3096"
"John Gant","STL","0","1","0","0","1.29","4.17","6.36","1.29",".190","13.3%","16.7%","7.0%","22.6%","13684"
"Tayler Saucedo","TOR","0","0","1","0","1.29","2.46","3.71","0.86",".176","25.9%","11.1%","14.7%","25.7%","17888"
"Paul Sewald","SEA","2","7","1","2","1.40","1.03","2.28","0.94",".271","42.7%","10.7%","14.3%","32.5%","13892"
"Ryan Pressly","HOU","16","1","1","1","1.42","1.38","2.09","0.79",".276","34.0%","3.5%","13.5%","32.0%","7005"
"Corey Oswalt","NYM","0","0","0","0","1.42","1.75","3.63","1.42",".421","23.1%","3.8%","20.9%","31.9%","13677"
"Ronald Bolanos","KCR","0","0","0","0","1.42","0.96","2.20","0.95",".308","40.0%","8.0%","17.9%","33.0%","20041"
"Andrew Chafin","CHC","0","17","1","1","1.42","2.62","3.44","0.74",".185","25.0%","7.1%","12.5%","29.3%","12988"
"Garrett Whitlock","BOS","1","8","1","1","1.44","3.03","3.10","1.10",".292","26.7%","6.3%","12.1%","31.1%","20191"
"Tyler Rogers","SFG","10","16","4","0","1.50","3.41","3.54","1.05",".263","13.7%","4.2%","5.9%","24.6%","15541"
"Luis Garcia","HOU","0","0","0","1","1.50","4.00","3.16","0.83",".214","29.2%","4.2%","19.3%","36.4%","23735"
"Alex Reyes","STL","20","0","0","3","1.52","3.51","4.50","1.31",".227","30.7%","18.2%","13.2%","28.9%","15015"
"Drew Pomeranz","SDP","0","8","0","0","1.59","2.94","3.56","1.24",".289","31.4%","12.9%","12.6%","31.9%","11426"
"Bruce Zimmermann","BAL","0","0","0","0","1.59","3.88","2.22","0.53",".083","30.0%","5.0%","11.9%","29.8%","20370"
"Anthony Bender","MIA","1","5","2","0","1.59","2.01","2.29","0.78",".246","35.8%","6.6%","12.9%","37.2%","19742"
"Casey Sadler","SEA","0","3","0","1","1.64","2.99","4.73","1.27",".267","21.7%","13.0%","12.5%","26.5%","11209"
"Luke Jackson","ATL","0","11","2","1","1.64","4.05","3.94","1.18",".241","25.0%","11.0%","10.8%","25.0%","11752"
"Taylor Williams","SDP","0","1","0","0","1.69","3.73","4.08","1.13",".250","26.1%","13.0%","15.7%","29.2%","14899"
"Jordan Romano","TOR","6","5","1","1","1.71","2.25","3.64","1.20",".284","30.5%","13.0%","13.5%","29.5%","16122"
"Austin Adams","SDP","0","8","1","2","1.71","3.27","3.41","1.04",".241","34.5%","13.7%","13.9%","33.8%","13801"
"Emmanuel Clase","CLE","11","3","3","4","1.72","2.43","2.87","1.28",".308","25.6%","8.8%","16.4%","31.6%","21032"
"Aaron Loup","NYM","0","8","2","0","1.73","1.52","2.52","1.00",".308","30.8%","5.8%","12.9%","31.8%","10343"
"Luke Farrell","MIN","0","1","0","0","1.76","2.97","3.69","1.17",".282","27.0%","9.5%","12.6%","30.1%","15101"
"Adrian Houser","MIL","0","0","0","0","1.80","4.57","2.54","1.40",".308","27.3%","9.1%","11.2%","25.5%","12718"
"Dinelson Lamet","SDP","0","0","0","0","1.80","1.57","2.83","1.20",".364","35.0%","10.0%","19.2%","34.6%","17186"
"Luis Patino","TBR","0","0","0","0","1.80","2.97","1.75","0.60",".200","38.9%","0.0%","10.1%","23.2%","22815"
"Ryan Weathers","SDP","1","0","0","1","1.80","3.90","3.64","0.87",".211","21.8%","5.5%","7.3%","26.1%","23796"
"Steven Okert","MIA","0","1","0","0","1.80","2.57","5.61","0.80",".200","15.8%","5.3%","7.4%","19.8%","13580"
"Keegan Thompson","CHC","0","1","1","2","1.84","4.47","4.30","1.33",".250","24.4%","12.6%","11.6%","27.5%","19795"
"Nick Sandlin","CLE","0","3","0","0","1.85","2.39","3.41","1.07",".245","34.7%","13.9%","11.6%","32.0%","20517"
"Travis Bergen","TOR","0","0","1","0","1.86","6.38","6.85","1.34",".154","14.0%","18.6%","8.7%","23.3%","18581"
"Tejay Antone","CIN","3","8","4","0","1.87","3.17","2.95","0.86",".209","33.1%","9.4%","13.0%","38.0%","16233"
"Cal Quantrill","CLE","0","1","0","1","1.88","4.11","4.54","1.29",".280","18.2%","9.9%","11.0%","24.1%","19312"
"Scott Alexander","LAD","0","2","1","2","1.88","3.80","3.76","0.91",".200","13.8%","5.2%","10.0%","26.0%","10591"
"Lou Trivino","OAK","13","6","2","3","1.88","3.68","4.23","1.14",".243","23.4%","11.7%","8.9%","25.2%","15043"
"Michael King","NYY","0","0","0","1","1.90","3.26","3.37","1.18",".279","27.0%","9.0%","10.7%","27.5%","19853"
"Art Warren","CIN","0","1","0","0","1.93","2.60","2.79","1.07",".286","36.8%","10.5%","19.4%","29.5%","18251"
"Jose Suarez","LAA","0","0","0","1","1.98","3.68","3.69","1.10",".254","23.9%","8.3%","12.1%","29.9%","19911"
"Dillon Maples","CHC","0","0","0","0","1.99","4.01","3.60","1.01",".167","33.7%","14.7%","11.1%","31.1%","14672"
"Miguel Diaz","SDP","1","1","0","1","2.01","4.25","3.97","1.03",".176","27.0%","12.4%","6.8%","27.9%","18815"
"Zack Littell","SFG","0","5","0","0","2.03","4.45","4.29","1.09",".219","17.9%","9.4%","13.1%","26.0%","15823"
"Justin Steele","CHC","0","1","0","0","2.03","4.00","2.67","1.05",".208","37.5%","12.5%","14.2%","36.1%","17312"
"Mark Melancon","SDP","27","0","4","1","2.09","4.15","3.93","1.14",".231","20.0%","10.3%","9.3%","27.0%","4264"
"Jonathan Loaisiga","NYY","2","10","2","3","2.11","2.60","2.81","0.96",".270","25.1%","5.5%","13.4%","27.8%","19753"
"Drew Steckenrider","SEA","2","3","2","2","2.12","2.38","3.30","0.94",".247","28.8%","8.3%","10.3%","26.3%","18806"
"Albert Abreu","NYY","0","0","0","0","2.13","3.72","3.87","0.71",".103","25.0%","10.4%","11.9%","29.4%","17485"
"Jimmy Nelson","LAD","0","6","1","1","2.13","1.71","2.68","0.87",".234","38.8%","11.2%","14.5%","33.9%","10547"
"Chad Green","NYY","3","11","1","4","2.14","2.93","3.01","0.71",".194","30.1%","4.8%","13.9%","30.0%","15552"
"Miguel Sanchez","MIL","0","0","0","0","2.16","3.29","3.09","0.84",".200","28.1%","6.3%","19.8%","29.3%","20074"
"Collin McHugh","TBR","0","3","0","1","2.17","1.38","2.10","1.03",".365","37.7%","5.3%","15.0%","35.4%","7531"
"Aaron Northcraft","SDP","0","0","0","0","2.25","6.55","7.12","1.63",".200","14.7%","23.5%","10.1%","23.3%","10218"
"Nick Tropeano","- - -","0","0","0","0","2.25","5.42","6.22","1.38",".250","5.9%","8.8%","10.0%","22.5%","12385"
"Reyes Moronta","SFG","0","2","0","0","2.25","5.42","3.90","0.25",".000","15.4%","0.0%","6.3%","20.8%","14966"
"Austin Davis","PIT","0","0","0","0","2.25","4.67","2.91","0.75",".125","33.3%","6.7%","14.1%","26.6%","17117"
"Andres Machado","WSN","0","1","0","0","2.25","0.92","2.08","0.75",".333","37.5%","0.0%","16.4%","37.0%","14681"
"Antonio Santos","COL","0","0","0","1","2.25","3.67","5.62","1.25",".273","13.3%","13.3%","7.5%","24.5%","20383"
"Victor Gonzalez","LAD","1","16","1","1","2.30","4.19","4.32","1.32",".260","21.8%","12.6%","10.8%","28.3%","16408"
"Dan Winkler","CHC","0","6","1","1","2.32","4.56","4.34","1.26",".237","24.8%","13.1%","12.1%","23.5%","12237"
"J.P. Feyereisen","- - -","3","11","3","3","2.33","3.97","4.63","1.11",".194","23.9%","14.2%","16.0%","29.1%","16610"
"Liam Hendriks","CHW","23","0","3","2","2.35","2.47","1.71","0.73",".237","40.8%","2.7%","18.5%","29.9%","3548"
"Richard Rodriguez","PIT","11","0","2","1","2.36","2.21","3.82","0.76",".234","22.7%","2.3%","10.4%","26.9%","13549"
"Ryan Thompson","TBR","0","11","4","2","2.38","3.11","3.16","1.03",".277","27.6%","6.7%","12.2%","31.9%","16647"
"Chasen Shreve","PIT","0","2","0","0","2.38","4.94","5.05","1.19",".206","17.2%","11.8%","10.3%","22.5%","10855"
"Garrett Cleavinger","LAD","0","0","1","3","2.40","5.17","3.90","1.53",".324","26.9%","11.9%","9.1%","35.4%","17897"
"Brad Hand","WSN","19","0","2","2","2.43","3.93","3.78","1.03",".232","23.8%","7.9%","7.8%","28.9%","9111"
"Nivaldo Rodriguez","HOU","0","0","0","0","2.45","8.76","5.76","1.09",".105","9.7%","12.9%","5.3%","19.3%","22449"
"Louis Head","TBR","0","0","0","0","2.45","3.44","6.11","0.91",".200","14.6%","9.8%","13.0%","22.1%","13259"
"Taylor Rogers","MIN","8","8","2","3","2.45","2.03","2.21","1.04",".326","34.7%","4.8%","13.1%","33.6%","13449"
"Triston McKenzie","CLE","0","0","0","0","2.45","3.72","5.88","1.64",".286","31.3%","25.0%","17.2%","27.6%","18000"
"Rony Garcia","DET","0","0","1","0","2.45","7.26","6.39","0.82",".000","16.7%","16.7%","3.6%","26.8%","20430"
"Hirokazu Sawamura","BOS","0","6","0","0","2.48","4.93","3.85","1.24",".235","27.5%","11.8%","16.0%","28.6%","27515"
"John Curtiss","MIA","0","0","0","1","2.48","3.02","3.28","1.13",".307","25.6%","5.3%","13.3%","31.2%","16128"
"Daniel Hudson","WSN","0","11","2","1","2.49","2.70","2.48","0.91",".250","36.7%","7.1%","16.0%","28.0%","7146"
"Richard Bleier","MIA","0","11","3","0","2.51","3.29","2.30","0.87",".250","22.3%","1.7%","10.3%","26.4%","7803"
"James Karinchak","CLE","9","8","2","2","2.52","3.12","2.69","1.02",".203","42.5%","13.8%","14.7%","31.7%","20151"
"Paolo Espino","WSN","1","0","0","1","2.53","3.12","3.74","0.80",".200","21.7%","3.6%","7.5%","28.3%","8246"
"Kent Emanuel","HOU","0","1","0","0","2.55","5.49","3.94","0.91",".174","19.1%","5.9%","5.0%","28.8%","15849"
"Adam Cimber","- - -","0","0","0","2","2.56","3.17","4.44","1.11",".278","15.5%","7.1%","8.4%","24.2%","15288"
"Tim Hill","SDP","1","12","1","4","2.57","4.08","3.22","1.20",".261","25.8%","8.6%","11.3%","29.5%","16814"
"JT Chargois","SEA","0","7","2","0","2.59","3.33","3.25","0.86",".246","24.5%","4.3%","13.2%","30.4%","13767"
"Seth Lugo","NYM","1","5","0","1","2.65","3.46","3.23","1.12",".263","30.9%","10.3%","13.3%","32.9%","12447"
"Ian Kennedy","TEX","15","0","1","0","2.67","3.90","3.33","1.05",".270","27.1%","5.9%","13.1%","30.5%","6986"
"Hunter Strickland","- - -","0","1","0","0","2.67","4.21","4.39","1.37",".290","21.7%","10.5%","11.5%","26.0%","7836"
"Brett Martin","TEX","0","5","1","2","2.67","3.85","4.26","1.40",".302","17.7%","8.2%","10.9%","24.4%","17369"
"Matt Barnes","BOS","19","0","4","2","2.68","2.04","1.73","0.86",".286","44.6%","7.2%","16.3%","36.0%","12863"
"Caleb Smith","ARI","0","0","1","0","2.70","3.24","3.75","1.23",".293","27.9%","10.1%","13.3%","28.0%","14875"
"Cristian Javier","HOU","1","3","1","0","2.70","3.98","3.87","1.11",".191","32.6%","14.7%","13.8%","28.4%","17606"
"Blake Parker","CLE","0","1","0","0","2.70","3.62","4.24","1.35",".325","19.3%","7.0%","10.0%","30.6%","5224"
"Joel Payamps","TOR","0","0","0","2","2.70","4.20","4.57","1.07",".220","18.5%","9.2%","11.8%","25.9%","14332"
"Craig Stammen","SDP","1","7","1","1","2.72","3.75","2.85","0.95",".256","25.9%","3.0%","11.0%","30.4%","7274"
"Giovanny Gallegos","STL","1","13","5","2","2.72","2.80","2.75","0.69",".184","32.0%","5.9%","15.8%","30.5%","14986"
"Garrett Crochet","CHW","0","5","1","4","2.73","3.09","4.07","1.44",".309","27.7%","13.4%","13.2%","29.0%","27463"
"Adam Ottavino","BOS","7","15","3","2","2.75","2.67","4.00","1.33",".308","27.1%","12.9%","10.1%","33.0%","1247"
"Blake Treinen","LAD","3","17","3","4","2.78","2.97","2.94","1.15",".304","27.7%","6.8%","13.9%","29.9%","12572"
"Gregory Soto","DET","7","7","0","1","2.78","3.62","4.03","1.32",".271","28.3%","13.8%","13.2%","30.2%","19677"
"Blake Taylor","HOU","0","3","3","2","2.79","3.43","3.71","1.34",".293","23.9%","8.0%","11.7%","26.7%","16418"
"Darwinzon Hernandez","BOS","0","11","3","2","2.79","4.48","4.55","1.55",".288","28.8%","17.4%","12.2%","31.3%","19848"
"Jake McGee","SFG","18","6","2","2","2.80","3.43","3.08","0.88",".218","28.6%","5.0%","10.1%","26.2%","7550"
"Kyle Funkhouser","DET","0","1","0","0","2.83","3.76","3.70","1.19",".253","20.3%","10.2%","9.9%","27.3%","19456"
"Justin Garza","CLE","0","0","0","0","2.84","6.49","4.97","0.47",".000","18.2%","4.5%","12.3%","32.1%","19784"
"Edwin Diaz","NYM","19","0","1","2","2.86","1.87","2.85","1.07",".324","34.5%","9.4%","15.9%","30.1%","14710"
"Phil Bickford","- - -","1","2","1","0","2.86","3.08","2.83","1.05",".283","33.3%","9.2%","15.0%","31.9%","18519"
"Josh Fleming","TBR","0","0","0","1","2.88","4.25","3.98","1.02",".225","15.4%","5.9%","8.7%","23.3%","20418"
"Tanner Scott","BAL","0","12","1","3","2.91","3.44","4.12","1.41",".278","32.7%","17.3%","15.3%","32.4%","17586"
"Mychal Givens","COL","0","7","1","2","2.92","4.87","4.16","1.30",".276","25.5%","11.8%","10.8%","30.1%","10430"
"Noe Ramirez","- - -","0","3","0","0","2.92","3.98","4.66","1.05",".229","18.0%","8.0%","6.8%","26.8%","12800"
"Spencer Patton","TEX","0","4","1","1","2.92","2.36","2.64","1.05",".310","32.7%","6.1%","10.3%","25.2%","12361"
"Brad Boxberger","MIL","3","11","1","2","2.95","4.13","3.83","1.15",".235","27.7%","11.6%","13.0%","29.5%","10133"
"Jake Brentz","KCR","0","9","2","2","2.95","4.33","4.44","1.24",".207","26.6%","15.4%","12.5%","29.7%","17783"
"Steve Cishek","LAA","0","10","2","0","2.95","3.32","4.69","1.44",".293","20.2%","12.9%","7.9%","27.2%","6483"
"Scott Barlow","KCR","4","11","3","3","2.95","2.44","3.11","1.29",".337","32.6%","10.3%","15.6%","33.3%","14993"
"Chris Stratton","PIT","1","4","1","0","2.96","3.59","3.99","1.23",".280","22.3%","9.0%","11.5%","28.0%","13761"
"Jordan Lyles","TEX","0","0","0","0","3.00","2.67","4.91","1.00",".263","13.0%","4.3%","12.8%","24.4%","7593"
"Willians Astudillo","MIN","0","0","0","0","3.00","8.50","6.70","0.67",".000","0.0%","9.1%","0.0%","22.6%","15608"
"Tony Gonsolin","LAD","0","0","0","0","3.00","3.50","5.36","1.67",".333","30.8%","23.1%","15.4%","23.1%","19388"
"Yohan Ramirez","SEA","0","0","0","0","3.00","3.39","3.21","0.67",".111","31.3%","9.4%","16.3%","31.7%","19444"
"Joe Barlow","TEX","0","0","0","0","3.00","3.17","4.94","1.00",".143","25.0%","16.7%","11.5%","30.8%","22296"
"Luis Cessa","NYY","0","0","0","1","3.00","3.48","4.17","1.28",".276","19.7%","9.9%","10.5%","28.9%","13345"
"Dylan Floro","MIA","2","10","3","4","3.00","2.75","4.33","1.33",".284","20.8%","10.7%","8.4%","25.5%","13394"
"Brent Suter","MIL","0","5","5","3","3.00","4.10","3.44","1.29",".293","23.5%","7.8%","9.3%","25.9%","13942"
"Mason Thompson","SDP","0","1","0","0","3.00","2.84","4.52","1.67",".400","15.4%","7.7%","11.6%","32.6%","21850"
"Jose Cisnero","DET","4","11","1","4","3.03","2.99","3.39","1.22",".302","29.0%","9.3%","9.9%","28.4%","6399"
"Bryan Shaw","CLE","1","12","2","3","3.05","4.27","4.47","1.33",".218","28.3%","16.9%","12.8%","26.5%","8110"
"Devin Williams","MIL","0","15","3","1","3.06","3.67","3.32","1.33",".302","36.4%","14.3%","17.2%","33.5%","15816"
"Diego Castillo","TBR","13","3","2","4","3.06","3.45","2.78","1.08",".274","32.8%","7.6%","15.9%","31.0%","17496"
"Humberto Castellanos","ARI","0","1","1","1","3.09","4.11","4.73","1.20",".219","20.4%","12.2%","6.5%","27.0%","21183"
"Cole Sulser","BAL","3","1","0","1","3.09","2.64","3.23","1.22",".306","33.1%","11.3%","15.3%","31.1%","15256"
"Jose Ruiz","CHW","0","2","0","1","3.12","3.83","4.03","1.13",".237","23.6%","9.0%","10.4%","28.3%","14552"
"Ryan Yarbrough","TBR","0","0","0","0","3.15","3.57","3.92","1.15",".296","22.4%","7.1%","10.5%","26.2%","16502"
"Kolby Allard","TEX","0","0","0","0","3.15","3.07","3.39","1.25",".309","26.7%","7.0%","11.5%","25.4%","18694"
"Yusmeiro Petit","OAK","2","15","3","1","3.15","3.83","4.94","1.05",".250","12.6%","3.8%","10.0%","24.2%","4020"
"Tarik Skubal","DET","0","0","0","1","3.18","5.82","5.00","1.76",".353","18.5%","11.1%","16.3%","27.6%","22267"
"David Bednar","PIT","0","6","1","1","3.18","3.67","3.13","1.09",".260","30.9%","8.8%","14.1%","28.2%","19569"
"Emilio Pagan","SDP","0","11","2","0","3.19","3.74","3.52","1.06",".253","28.9%","8.1%","14.3%","28.3%","14771"
"Drew Smith","NYM","0","0","0","1","3.22","5.41","4.55","1.16",".189","23.7%","12.9%","14.1%","28.4%","17755"
"Jeurys Familia","NYM","1","5","2","1","3.24","3.17","3.98","1.60",".348","25.4%","13.2%","11.0%","28.9%","5114"
"Jordan Sheffield","COL","0","0","0","0","3.26","4.41","4.58","0.98",".184","20.8%","10.4%","10.3%","25.0%","19682"
"Aaron Bummer","CHW","2","10","5","4","3.26","2.97","2.96","1.42",".338","32.1%","12.7%","14.6%","33.8%","16258"
"Ryan Tepera","CHC","1","15","2","2","3.29","3.14","3.34","0.81",".180","27.9%","8.2%","15.8%","30.6%","10291"
"Chris Martin","ATL","0","9","1","3","3.32","3.31","4.08","1.11",".288","16.1%","4.6%","11.0%","25.8%","11847"
"Jarlin Garcia","SFG","1","3","1","2","3.34","3.74","3.22","0.98",".206","31.6%","10.3%","10.0%","32.9%","18282"
"Jake Diekman","OAK","7","8","5","1","3.34","4.57","3.71","1.34",".278","30.3%","12.5%","14.4%","30.1%","5003"
"Lucas Luetge","NYY","0","2","1","1","3.35","3.24","3.17","1.12",".303","25.6%","3.9%","13.6%","24.4%","8337"
"Hector Santiago","SEA","0","0","0","1","3.38","2.42","3.33","1.41",".357","29.8%","9.6%","13.6%","28.9%","4026"
"Darren O'Day","NYY","0","4","0","0","3.38","4.95","4.06","1.22",".250","23.9%","8.7%","12.7%","28.0%","3321"
"Jordan Yamamoto","NYM","0","0","0","0","3.38","3.55","4.79","1.50",".400","8.3%","0.0%","5.3%","26.3%","17585"
"Trevor Richards","- - -","1","1","2","0","3.41","3.43","3.02","1.05",".257","33.6%","8.8%","12.5%","28.6%","19309"
"Tyler Matzek","ATL","0","8","0","3","3.41","3.52","4.23","1.45",".296","30.4%","16.7%","12.3%","25.4%","10058"
"Pete Fairbanks","TBR","3","9","1","3","3.42","2.90","3.98","1.41",".319","27.0%","12.2%","14.2%","29.2%","17998"
"Kris Bubic","KCR","0","0","0","1","3.44","3.44","4.85","1.42",".302","17.9%","12.8%","11.8%","27.9%","21455"
"Yimi Garcia","MIA","13","2","3","6","3.44","3.85","3.85","1.24",".283","23.8%","8.4%","13.3%","29.4%","12095"
"Jose Alvarez","SFG","0","2","0","1","3.45","3.62","4.64","1.21",".260","15.8%","7.5%","10.4%","26.6%","5358"
"Pierce Johnson","SDP","0","4","1","2","3.45","3.31","3.38","1.36",".333","33.1%","12.4%","12.1%","32.9%","13435"
"Tyler Duffey","MIN","2","11","1","2","3.48","3.85","4.59","1.28",".261","21.6%","12.9%","9.2%","27.5%","13758"
"Deolis Guerra","OAK","0","1","0","1","3.51","3.74","4.37","0.93",".200","21.9%","8.6%","10.9%","25.4%","8410"
"Jefry Rodriguez","WSN","0","0","0","0","3.52","4.47","4.52","1.70",".313","33.3%","19.4%","10.4%","23.6%","17018"
"John King","TEX","0","4","1","5","3.52","3.32","3.38","1.15",".284","20.7%","6.2%","12.1%","28.3%","22051"
"Nabil Crismatt","SDP","0","1","0","1","3.55","4.09","4.13","1.36",".316","19.3%","8.1%","11.8%","28.5%","17732"
"Ljay Newsome","SEA","0","0","0","0","3.55","3.09","2.79","1.11",".306","27.8%","1.9%","13.8%","27.2%","19942"
"Raisel Iglesias","LAA","18","0","3","3","3.57","3.54","1.78","0.87",".253","40.6%","4.5%","22.5%","38.6%","17130"
"Ross Detwiler","MIA","0","1","0","0","3.58","2.74","3.49","1.16",".288","26.9%","8.4%","9.8%","31.1%","2859"
"Trevor May","NYM","1","7","2","2","3.58","3.84","2.94","1.29",".329","31.2%","7.2%","16.5%","29.4%","6398"
"Kyle Finnegan","WSN","0","7","0","2","3.58","4.12","4.17","1.56",".330","24.3%","11.5%","11.3%","27.8%","15009"
"Rex Brothers","CHC","1","8","0","2","3.58","3.05","2.93","1.13",".271","39.0%","13.2%","14.1%","29.0%","9794"
"Dallas Keuchel","CHW","0","0","0","0","3.60","7.37","4.12","1.40",".250","17.4%","4.3%","9.2%","28.7%","9434"
"Jason Foley","DET","0","0","0","0","3.60","6.77","4.38","0.80",".188","9.1%","0.0%","7.1%","21.4%","19531"
"Hunter Wood","TEX","0","1","0","0","3.60","4.97","4.68","0.80",".091","26.3%","10.5%","12.1%","30.3%","15091"
"Austin Voth","WSN","0","4","2","0","3.62","4.13","3.78","1.18",".275","25.0%","9.5%","11.5%","26.2%","15047"
"Michael Fulmer","DET","6","4","2","2","3.62","3.98","2.84","1.28",".348","29.7%","5.1%","13.5%","29.2%","13218"
"Josh Staumont","KCR","5","3","0","2","3.63","4.15","4.11","1.33",".276","26.0%","12.0%","10.8%","27.9%","18335"
"Robert Gsellman","NYM","0","1","0","0","3.65","3.98","4.40","1.18",".260","14.7%","6.9%","9.9%","22.7%","13696"
"Paul Fry","BAL","2","8","2","3","3.66","2.33","3.39","1.25",".320","30.9%","11.8%","10.1%","30.0%","15832"
"Andrew Miller","STL","0","4","0","0","3.66","4.65","4.49","1.63",".356","19.6%","9.8%","9.2%","32.4%","6785"
"Chris Rodriguez","LAA","0","2","1","0","3.66","3.27","4.07","1.47",".321","22.2%","12.2%","10.3%","29.3%","22310"
"Matt Moore","PHI","0","1","0","0","3.68","4.40","4.53","1.23",".273","16.7%","6.7%","7.1%","22.0%","1890"
"Will Smith","ATL","18","0","2","5","3.68","3.17","3.14","1.12",".287","30.9%","7.9%","13.4%","32.0%","8048"
"Joe Kelly","LAD","0","3","1","0","3.68","3.22","2.79","1.09",".276","27.4%","6.3%","12.4%","34.2%","9761"
"Cody Reed","TBR","0","3","0","1","3.72","5.24","5.32","1.45",".259","16.7%","14.3%","9.5%","25.0%","15232"
"Keynan Middleton","SEA","4","3","0","0","3.74","4.79","5.40","1.06",".175","17.2%","12.6%","15.4%","26.9%","15264"
"Taylor Clarke","ARI","0","4","1","0","3.74","3.23","3.72","1.28",".316","22.5%","6.3%","10.7%","24.0%","17611"
"Jeffrey Springs","TBR","2","8","2","1","3.79","3.96","2.54","1.11",".282","35.9%","7.8%","15.2%","32.8%","17677"
"David Price","LAD","1","1","0","0","3.80","4.62","3.88","1.73",".386","18.6%","6.9%","8.1%","26.7%","3184"
"Ryan Hartman","HOU","0","0","0","0","3.86","7.03","3.93","1.29",".286","20.0%","0.0%","10.9%","28.3%","19480"
"Alex Wells","BAL","0","0","0","0","3.86","5.31","8.04","1.93",".278","4.3%","17.4%","5.3%","22.3%","19845"
"Tyler Wells","BAL","0","0","1","0","3.86","3.67","2.95","0.96",".253","31.4%","5.1%","13.6%","27.0%","20000"
"Archie Bradley","PHI","1","3","1","1","3.86","5.79","5.42","1.57",".270","14.0%","14.0%","5.9%","23.5%","12918"
"Josh Taylor","BOS","0","13","0","0","3.86","2.58","3.47","1.42",".372","28.8%","9.8%","15.8%","29.7%","17359"
"Kyle Zimmer","KCR","2","7","0","0","3.90","4.38","4.29","1.14",".231","23.0%","11.9%","11.2%","27.9%","14169"
"Mitch White","LAD","0","0","2","0","3.93","3.99","4.26","1.47",".296","22.6%","10.7%","8.9%","25.1%","19225"
"Genesis Cabrera","STL","0","12","1","3","3.95","3.56","4.26","1.41",".305","25.8%","13.2%","10.5%","26.9%","17490"
"Matt Wisler","- - -","0","7","1","3","3.98","3.83","2.85","1.07",".271","33.1%","7.1%","14.9%","37.3%","12804"
"Ryne Stanek","HOU","1","11","2","1","3.99","4.92","4.21","1.28",".233","27.9%","13.9%","13.2%","26.8%","15947"
"Ashton Goudeau","CIN","0","0","0","0","4.00","6.50","7.05","1.89",".241","11.4%","20.5%","7.7%","19.6%","15139"
"Adam Plutko","BAL","1","5","2","2","4.05","5.21","4.67","1.37",".275","19.4%","10.0%","11.2%","22.0%","15846"
"Ryan Borucki","TOR","0","1","0","1","4.05","3.17","3.25","0.90",".194","27.5%","9.8%","12.7%","35.0%","16350"
"Joakim Soria","ARI","3","2","1","3","4.07","3.87","4.00","1.32",".309","22.5%","7.8%","11.1%","26.8%","6941"
"Edgar Santana","ATL","0","3","0","0","4.09","5.17","3.87","1.27",".267","22.6%","7.5%","14.8%","31.5%","17355"
"Jose Alvarado","PHI","3","10","2","0","4.09","5.02","4.67","1.58",".275","29.8%","19.2%","12.0%","32.6%","17780"
"Taylor Hearn","TEX","0","1","1","2","4.10","5.02","4.06","1.44",".294","24.6%","10.9%","10.1%","26.8%","18325"
"J.B. Wendelken","OAK","0","2","1","1","4.12","3.27","4.23","1.58",".344","21.1%","10.0%","11.1%","25.3%","14506"
"Anthony Bass","MIA","0","10","4","4","4.13","5.04","4.51","1.26",".244","21.0%","10.9%","11.9%","32.1%","7982"
"Zack Britton","NYY","0","1","0","0","4.15","7.56","5.89","1.38",".182","15.8%","15.8%","9.1%","16.9%","3240"
"Hunter Harvey","BAL","0","2","0","0","4.15","4.32","4.48","1.27",".269","16.7%","8.3%","5.8%","23.7%","15507"
"Wander Suero","WSN","0","3","1","2","4.15","3.79","3.68","1.23",".311","22.5%","5.4%","11.9%","27.3%","15855"
"Joe Mantiply","ARI","0","3","1","2","4.15","3.68","4.67","1.57",".333","19.4%","11.2%","11.5%","30.2%","14857"
"Daniel Bard","COL","13","0","5","5","4.17","3.91","3.62","1.58",".371","27.5%","10.5%","13.3%","30.3%","7115"
"A.J. Minter","ATL","0","19","5","3","4.18","2.89","3.57","1.33",".330","26.4%","8.6%","14.0%","31.6%","18655"
"Sam Coonrod","PHI","2","7","3","2","4.18","4.53","3.51","1.29",".280","24.8%","8.3%","10.5%","28.7%","17264"
"Hansel Robles","MIN","9","12","2","4","4.19","4.41","4.51","1.37",".278","23.3%","13.5%","9.7%","25.2%","11801"
"Connor Brogdon","PHI","1","7","3","2","4.19","4.07","3.95","1.22",".271","21.0%","8.4%","15.1%","24.6%","21205"
"Derek Law","MIN","0","0","0","0","4.20","4.64","4.56","1.60",".326","20.9%","11.9%","14.4%","28.8%","13133"
"Jimmie Sherfy","SFG","0","0","0","0","4.22","5.33","4.48","1.22",".233","19.6%","8.7%","9.0%","32.9%","15118"
"Brad Brach","CIN","1","7","1","1","4.22","4.48","4.11","1.41",".263","25.5%","12.2%","12.7%","29.9%","6627"
"Sergio Romo","OAK","0","6","1","0","4.22","3.11","3.75","1.16",".291","24.2%","7.6%","12.8%","33.0%","9817"
"Phillips Valdez","BOS","1","2","0","0","4.24","3.98","4.22","1.37",".292","20.4%","11.7%","7.9%","26.8%","15605"
"Sean Doolittle","CIN","1","2","3","0","4.25","4.75","4.69","1.62",".333","23.9%","10.9%","11.3%","25.6%","1581"
"Juan Minaya","MIN","0","0","0","0","4.26","7.91","5.06","1.26",".176","14.8%","11.1%","11.4%","23.9%","10341"
"Miguel Castro","NYM","0","6","2","2","4.26","5.73","4.46","1.39",".230","25.5%","14.9%","13.2%","31.0%","15684"
"Clay Holmes","PIT","0","4","0","2","4.30","3.99","3.90","1.41",".275","22.5%","13.6%","11.2%","31.8%","13649"
"Junior Guerra","LAA","0","0","1","1","4.31","5.16","5.51","1.41",".225","17.2%","15.5%","11.2%","26.0%","5702"
"John Brebbia","SFG","0","0","0","0","4.32","3.05","2.78","1.32",".391","27.8%","2.8%","9.2%","24.6%","12777"
"Tyler Alexander","DET","0","2","0","1","4.33","4.16","3.71","1.27",".306","20.9%","3.9%","9.0%","26.9%","17735"
"Alex Claudio","LAA","1","2","0","2","4.35","4.49","4.18","1.45",".289","20.4%","10.9%","10.3%","28.2%","12890"
"Trevor Stephan","CLE","0","1","0","0","4.36","6.05","4.06","1.52",".284","27.2%","11.9%","12.9%","28.8%","19932"
"Josh Sborz","TEX","1","4","3","3","4.45","3.73","3.61","1.36",".289","31.0%","12.7%","15.6%","30.0%","18323"
"Jake Faria","ARI","0","0","0","0","4.50","4.67","2.97","1.00",".200","29.4%","5.9%","5.3%","23.7%","13699"
"David Hess","MIA","0","0","1","0","4.50","7.67","7.22","1.75",".231","10.5%","15.8%","7.5%","18.9%","16130"
"Alex McRae","CHW","0","0","0","0","4.50","3.67","5.83","2.00",".375","10.0%","10.0%","14.3%","26.5%","16317"
"Conner Menez","SFG","0","1","0","0","4.50","3.50","2.58","1.42",".361","25.9%","3.7%","10.3%","27.0%","19199"
"Zac Lowther","BAL","0","0","0","0","4.50","4.67","3.25","1.33",".333","28.6%","7.1%","9.5%","25.5%","20243"
"Darien Nunez","LAD","0","0","0","1","4.50","6.67","1.56","0.50",".000","37.5%","0.0%","24.3%","35.1%","21197"
"Hyeon-jong Yang","TEX","0","0","0","0","4.50","7.46","6.12","1.36",".200","8.3%","10.0%","6.8%","21.3%","27513"
"Jorge Alcala","MIN","0","3","3","3","4.50","5.26","3.72","1.00",".214","22.9%","6.1%","14.5%","27.5%","19459"
"Ty Tice","- - -","0","0","0","0","4.50","5.55","5.75","1.88",".346","15.4%","12.8%","7.7%","25.4%","20177"
"Yennsy Diaz","NYM","0","0","0","1","4.50","4.80","4.91","1.63",".300","25.0%","16.7%","7.0%","26.6%","20218"
"Bryan Abreu","HOU","1","5","3","3","4.50","4.49","4.50","1.36",".276","20.8%","11.7%","12.8%","26.9%","16609"
"Corey Knebel","LAD","2","2","1","0","4.50","1.67","2.61","1.00",".250","37.5%","12.5%","16.9%","37.1%","15010"
"Anthony Kay","TOR","0","0","0","0","4.50","5.75","3.66","1.50",".323","24.5%","9.4%","12.1%","23.7%","20387"
"Sam Selman","SFG","0","0","1","0","4.50","6.30","4.89","1.00",".111","24.2%","12.1%","7.3%","24.3%","13397"
"Patrick Weigel","MIL","0","0","0","0","4.50","5.67","3.48","2.00",".500","42.9%","19.0%","8.6%","32.3%","17792"
"Anthony Misiewicz","SEA","0","12","3","3","4.50","4.01","3.43","1.28",".318","25.4%","6.7%","13.7%","28.3%","18152"
"Brandon Workman","- - -","0","4","0","2","4.50","5.76","5.09","1.91",".350","22.1%","16.3%","9.0%","30.2%","11428"
"Isaac Mattson","BAL","0","0","0","0","4.50","5.17","9.59","1.50",".167","11.1%","22.2%","9.1%","25.0%","20385"
"Jake Reed","LAD","0","0","1","0","4.50","3.17","4.69","2.50",".500","27.3%","18.2%","12.8%","33.3%","16209"
"Aroldis Chapman","NYY","16","0","4","3","4.55","4.18","3.40","1.48",".333","39.7%","16.8%","16.5%","33.3%","10233"
"Kyle McGowin","WSN","0","0","0","0","4.56","4.57","3.95","1.21",".234","26.1%","10.8%","11.3%","29.2%","15071"
"Robert Stephenson","COL","0","2","0","1","4.56","4.86","4.22","1.56",".313","24.8%","11.9%","12.9%","32.4%","13594"
"Bailey Falter","PHI","0","1","0","0","4.58","3.45","2.64","1.02",".318","29.0%","1.4%","10.7%","31.6%","20070"
"Caleb Thielbar","MIN","0","6","0","0","4.59","3.35","2.90","1.29",".354","32.6%","7.1%","12.1%","29.7%","10078"
"Justin Lawrence","COL","0","2","1","0","4.61","3.39","4.92","1.76",".361","24.2%","17.7%","9.3%","27.8%","17639"
"Tim Mayza","TOR","0","8","2","1","4.61","2.84","2.73","1.21",".329","24.8%","5.3%","9.7%","28.4%","15042"
"Jake Woodford","STL","0","0","0","1","4.62","6.57","4.93","1.46",".257","17.9%","12.0%","8.7%","24.4%","18674"
"Tyler Kinley","COL","0","5","3","2","4.62","5.33","4.43","1.24",".227","21.7%","10.8%","11.9%","25.9%","18297"
"Wade LeBlanc","- - -","0","0","0","0","4.63","5.66","4.13","1.20",".278","16.3%","2.0%","7.2%","25.7%","5221"
"Kyle Crick","PIT","0","6","1","1","4.63","4.41","5.69","1.33",".220","19.6%","17.6%","9.5%","26.7%","13182"
"Seth Elledge","STL","0","0","0","0","4.63","4.46","4.86","1.71",".375","21.2%","13.5%","8.6%","27.6%","19766"
"Mike Mayers","LAA","2","12","3","4","4.64","4.25","3.28","1.48",".353","31.2%","10.1%","14.0%","29.2%","15451"
"Dillon Tate","BAL","1","3","0","3","4.66","4.32","4.08","1.23",".267","20.6%","9.0%","10.2%","29.6%","17796"
"Nick Wittgren","CLE","1","6","0","2","4.70","4.25","3.10","1.14",".289","27.0%","5.7%","11.3%","29.4%","15594"
"Ryan Helsley","STL","1","5","0","4","4.71","4.24","4.86","1.40",".260","20.9%","13.9%","10.4%","25.7%","18138"
"Phil Maton","CLE","0","0","1","0","4.72","3.40","3.03","1.28",".338","33.8%","10.3%","17.4%","35.1%","18064"
"Jacob Webb","ATL","0","0","0","2","4.74","4.59","4.22","1.74",".377","20.0%","7.8%","15.2%","26.9%","19274"
"Heath Hembree","CIN","6","4","1","4","4.80","4.54","2.33","1.03",".224","42.1%","9.9%","12.9%","30.1%","11632"
"Ralph Garza","HOU","0","0","0","2","4.82","4.88","4.01","1.61",".360","26.2%","9.5%","14.3%","31.2%","17682"
"Alex Colome","MIN","2","5","3","4","4.83","4.78","3.98","1.55",".320","20.8%","8.7%","13.4%","27.7%","6661"
"Duane Underwood Jr.","PIT","0","1","0","2","4.86","3.65","4.08","1.46",".338","21.3%","8.6%","10.8%","28.9%","14677"
"Hector Neris","PHI","11","0","6","5","4.86","4.85","3.67","1.35",".288","27.9%","10.9%","16.6%","32.1%","11804"
"Tony Watson","LAA","0","9","3","3","4.88","4.40","4.52","1.19",".238","16.8%","9.7%","12.2%","27.4%","3132"
"Greg Holland","KCR","5","5","4","4","4.89","5.57","4.28","1.49",".277","23.6%","11.5%","12.7%","28.0%","7196"
"Dylan Bundy","LAA","0","0","0","0","4.91","6.44","4.54","1.09",".000","31.3%","18.8%","4.0%","20.0%","12917"
"Carlos Estevez","COL","2","8","2","1","4.91","3.82","4.01","1.36",".321","22.0%","7.9%","11.4%","24.0%","14542"
"Codi Heuer","CHW","0","12","0","1","4.98","3.20","3.25","1.43",".390","24.5%","4.1%","15.4%","29.7%","23293"
"Carlos Hernandez","KCR","0","0","0","0","4.98","3.82","4.07","1.66",".365","30.0%","15.0%","14.1%","28.2%","22713"
"Drew Rasmussen","- - -","1","0","0","1","4.98","3.86","3.59","1.52",".327","33.3%","14.1%","12.3%","32.0%","25385"
"Eric Lauer","MIL","0","0","0","0","5.00","4.73","3.27","1.22",".263","32.4%","10.8%","12.9%","28.4%","19316"
"Sam Long","SFG","0","0","0","0","5.00","1.61","3.01","0.89",".273","29.4%","5.9%","10.4%","30.6%","25379"
"Trent Thornton","TOR","0","0","0","3","5.01","5.00","3.60","1.39",".313","26.2%","8.5%","10.4%","25.3%","17948"
"Lucas Sims","CIN","7","4","2","1","5.02","3.45","3.18","1.33",".333","34.9%","11.9%","14.6%","33.5%","13470"
"Sam Clay","WSN","0","7","0","3","5.04","4.06","3.99","1.62",".346","15.4%","7.7%","9.3%","25.0%","16279"
"Keone Kela","SDP","0","1","2","2","5.06","5.23","3.24","1.31",".276","27.1%","6.3%","8.9%","31.5%","14696"
"Tommy Nance","CHC","0","4","0","0","5.06","4.53","3.78","1.08",".200","26.1%","11.4%","10.0%","31.5%","19178"
"Jhoulys Chacin","COL","0","3","1","1","5.08","5.32","4.70","1.52",".279","18.0%","10.9%","7.8%","24.6%","2608"
"Riley Smith","ARI","1","0","0","0","5.13","5.01","4.43","1.36",".300","15.7%","5.1%","6.2%","24.7%","19826"
"Joey Lucchesi","NYM","0","0","0","1","5.14","2.17","3.44","1.14",".300","25.8%","6.5%","4.0%","27.0%","19320"
"Sal Romano","CIN","0","0","0","0","5.23","5.83","5.46","1.40",".242","13.2%","9.9%","5.1%","22.9%","13690"
"Sean Reid-Foley","NYM","0","0","0","1","5.23","3.85","3.54","1.50",".352","28.3%","9.8%","12.7%","28.6%","17034"
"Yacksel Rios","- - -","0","1","0","0","5.25","4.67","5.10","1.58",".303","20.4%","14.8%","8.8%","25.9%","15007"
"Wandy Peralta","- - -","2","4","1","2","5.26","5.47","4.50","1.36",".260","16.4%","9.1%","14.8%","30.9%","14295"
"Anthony Castro","TOR","1","1","1","2","5.31","3.81","2.97","1.33",".340","30.8%","7.7%","12.6%","29.7%","19789"
"Jacob Barnes","- - -","2","1","0","1","5.33","5.10","3.49","1.26",".277","25.9%","7.4%","11.8%","26.9%","12323"
"Hoby Milner","MIL","0","1","0","0","5.40","4.54","2.87","1.89",".486","28.1%","3.5%","8.9%","30.9%","13346"
"Alex Vesia","LAD","0","0","1","1","5.40","6.68","5.02","1.37",".100","32.7%","21.2%","18.6%","31.2%","25007"
"Erasmo Ramirez","DET","0","0","0","0","5.40","4.22","5.72","1.20",".304","11.1%","0.0%","4.7%","22.1%","10314"
"Jordan Hicks","STL","0","3","0","0","5.40","4.17","5.76","1.50",".208","22.7%","22.7%","7.7%","23.7%","19618"
"DJ Johnson","CLE","0","0","0","0","5.40","7.37","1.36","1.20",".333","42.9%","0.0%","23.5%","41.2%","12578"
"Alex Young","ARI","0","3","2","5","5.45","6.20","4.42","1.59",".293","20.8%","10.7%","14.2%","29.0%","18333"
"Tyler Chatwood","TOR","1","10","1","2","5.46","3.81","4.49","1.43",".275","25.6%","16.0%","10.5%","28.3%","4338"
"Ryan Hendrix","CIN","0","3","1","1","5.47","5.30","4.35","1.48",".299","23.7%","12.3%","13.0%","29.5%","19535"
"Burch Smith","OAK","0","4","1","1","5.47","3.62","4.56","1.34",".321","17.1%","5.7%","5.8%","22.7%","12784"
"Daniel Ponce de Leon","STL","2","0","1","0","5.50","4.89","4.91","1.44",".291","17.1%","9.8%","10.8%","22.8%","16110"
"Dennis Santana","- - -","0","1","0","0","5.50","4.56","5.89","1.78",".328","11.6%","14.0%","9.6%","23.5%","17878"
"Brandon Bielak","HOU","0","2","1","3","5.51","4.15","4.18","1.41",".314","19.2%","6.8%","9.5%","27.3%","19866"
"Ryan Buchter","ARI","0","0","1","2","5.52","8.01","6.43","1.64",".194","19.1%","19.1%","8.0%","24.0%","9456"
"Cam Bedrosian","- - -","0","0","0","0","5.52","6.72","4.93","1.98",".357","21.1%","14.1%","10.9%","28.5%","13360"
"Ben Rowen","LAA","0","0","0","0","5.56","6.26","4.39","1.24",".265","16.3%","4.1%","5.6%","29.3%","10983"
"Evan Marshall","CHW","0","6","4","2","5.60","4.63","3.91","1.35",".315","23.0%","8.0%","10.1%","25.3%","12297"
"Andre Scrubb","HOU","0","2","2","1","5.60","7.30","5.62","1.58",".209","21.5%","17.7%","9.0%","28.3%","20329"
"Ervin Santana","KCR","0","0","0","0","5.61","5.43","4.44","1.31",".263","19.0%","8.5%","9.4%","25.3%","3200"
"James Hoyt","LAA","0","0","0","0","5.68","4.43","5.22","1.89",".353","24.2%","18.2%","15.3%","33.6%","14605"
"Nate Jones","- - -","0","5","1","2","5.68","8.54","5.66","1.47",".170","16.1%","13.8%","13.3%","23.9%","4696"
"Josh Tomlin","ATL","0","1","0","0","5.71","4.93","4.38","1.47",".342","15.9%","3.3%","11.8%","25.7%","9388"
"Robert Dugger","SEA","0","0","0","0","5.73","3.90","3.32","1.45",".364","24.5%","4.1%","14.0%","32.8%","19191"
"Matt Peacock","ARI","0","0","0","1","5.74","4.41","4.34","1.54",".326","12.4%","5.8%","7.6%","21.5%","20339"
"Nick Ramirez","SDP","0","0","0","1","5.75","4.10","4.60","1.48",".309","15.4%","7.7%","9.6%","25.2%","12575"
"Sam Howard","PIT","0","9","0","2","5.76","4.69","4.20","1.38",".250","31.5%","16.9%","16.6%","33.7%","16265"
"Rafael Dolis","TOR","3","3","1","3","5.79","4.41","4.55","1.59",".298","27.3%","16.4%","11.2%","28.7%","4185"
"Zach Pop","MIA","0","1","1","0","5.81","4.30","4.06","1.45",".306","22.9%","11.4%","12.1%","28.4%","20185"
"Travis Lakins","BAL","0","3","1","4","5.81","4.92","4.68","1.37",".254","21.2%","12.4%","9.8%","26.0%","18600"
"Sean Newcomb","ATL","1","1","1","0","5.82","4.00","4.82","1.71",".327","28.2%","18.4%","11.3%","25.3%","16943"
"Joely Rodriguez","TEX","1","8","1","3","5.84","3.54","2.78","1.46",".333","23.9%","7.1%","13.2%","30.1%","11487"
"Joe Smith","HOU","0","1","0","1","5.89","4.81","3.81","1.75",".403","17.2%","4.6%","8.2%","27.2%","3281"
"Brooks Raley","HOU","2","7","1","3","5.93","2.81","2.97","1.35",".363","30.1%","6.8%","14.7%","29.2%","10061"
"Junior Fernandez","STL","0","0","0","0","5.94","4.79","5.73","1.98",".364","13.9%","15.2%","12.3%","23.7%","18496"
"Alec Bettinger","MIL","0","0","0","0","6.00","4.17","3.71","1.33",".333","20.0%","4.0%","1.8%","20.0%","20312"
"Jackson Kowar","KCR","0","0","0","0","6.00","7.84","4.98","1.00",".222","8.3%","0.0%","9.5%","23.8%","21549"
"Zack Burdi","CHW","0","0","0","0","6.00","8.17","5.42","1.89",".333","13.3%","8.9%","14.1%","28.8%","19159"
"Matt Andriese","BOS","1","3","3","3","6.03","4.70","3.83","1.77",".407","21.5%","6.2%","8.8%","24.8%","12022"
"Stefan Crichton","ARI","4","5","0","4","6.04","4.87","5.35","1.84",".351","13.9%","11.1%","6.4%","23.3%","16058"
"Kodi Whitley","STL","0","1","0","0","6.10","4.91","5.57","1.35",".200","17.4%","15.2%","11.8%","21.9%","19731"
"Patrick Sandoval","LAA","1","0","0","0","6.14","8.35","4.62","1.50",".176","24.2%","15.2%","13.7%","31.3%","19447"
"Tommy Milone","TOR","1","0","0","0","6.17","5.06","3.45","1.71",".400","24.1%","5.6%","10.9%","27.2%","7608"
"Chi Chi Gonzalez","COL","0","0","0","1","6.17","4.54","5.51","1.71",".350","11.5%","9.6%","4.5%","22.7%","14663"
"Will Vest","SEA","0","6","0","0","6.17","4.17","4.94","1.60",".340","17.3%","11.5%","10.2%","25.0%","19769"
"Eric Sogard","CHC","0","0","0","0","6.23","9.40","6.99","1.62",".294","4.8%","0.0%","4.4%","17.6%","7927"
"Grant Dayton","ATL","0","1","0","0","6.23","4.40","4.28","1.62",".333","23.0%","9.8%","12.4%","26.0%","11203"
"Daniel Zamora","SEA","0","0","0","0","6.23","5.48","4.21","1.38",".308","16.7%","5.6%","7.7%","29.2%","17811"
"Enoli Paredes","HOU","0","2","0","0","6.23","6.29","7.58","2.77",".368","28.3%","32.1%","9.8%","25.2%","20447"
"Reymin Guduan","OAK","0","0","1","0","6.28","4.43","5.81","1.67",".333","7.7%","7.7%","8.3%","26.2%","13058"
"Matt Foster","CHW","0","2","1","1","6.31","5.51","3.55","1.52",".343","27.4%","7.7%","11.7%","27.3%","19647"
"Cory Abbott","CHC","0","0","0","0","6.35","8.20","5.58","1.76",".257","14.8%","13.0%","8.4%","21.6%","20277"
"Shawn Morimando","MIA","0","0","0","0","6.35","6.35","5.90","2.12",".333","17.2%","17.2%","5.4%","20.5%","13606"
"Kevin Ginkel","ARI","0","6","1","1","6.35","5.89","4.13","1.55",".307","24.0%","10.9%","10.6%","25.4%","19876"
"Tyler Zuber","KCR","0","4","0","2","6.35","6.41","5.97","1.71",".250","20.3%","19.0%","10.7%","25.8%","20379"
"Alec Mills","CHC","1","0","0","0","6.41","5.61","4.81","1.73",".339","16.1%","10.8%","7.4%","25.3%","13834"
"Kyle Keller","PIT","0","0","0","0","6.43","8.17","4.26","1.71",".214","32.4%","17.6%","11.0%","26.6%","18890"
"Patrick Murphy","TOR","0","1","0","1","6.43","5.60","4.87","1.57",".318","12.9%","9.7%","6.8%","24.6%","19712"
"Aaron Slegers","LAA","0","2","2","2","6.46","4.86","4.63","1.90",".367","16.7%","11.4%","12.1%","26.9%","15231"
"Yoan Lopez","ARI","0","2","3","0","6.57","5.68","4.24","1.95",".385","21.3%","9.8%","13.0%","26.5%","17181"
"Sam Hentges","CLE","0","0","0","0","6.59","4.93","2.92","1.98",".500","26.2%","3.1%","8.6%","22.5%","18548"
"Austin Brice","BOS","0","0","0","0","6.59","5.73","4.79","1.54",".308","18.8%","10.9%","8.8%","24.8%","17237"
"Rafael Montero","SEA","7","4","6","3","6.64","4.11","3.81","1.47",".336","18.4%","6.7%","10.3%","24.9%","12760"
"Carson Fulmer","CIN","0","1","0","0","6.66","4.69","4.49","1.52",".315","20.7%","11.2%","11.6%","26.8%","18311"
"Amir Garrett","CIN","6","5","2","2","6.67","6.24","3.93","1.56",".293","30.3%","14.3%","14.6%","35.3%","14375"
"Eric Yardley","MIL","0","1","1","0","6.75","6.81","5.87","1.82",".309","5.6%","11.2%","3.8%","21.9%","15538"
"Keegan Akin","BAL","0","0","0","0","6.75","2.28","3.09","1.36",".395","25.8%","3.2%","12.6%","29.8%","19362"
"Jakob Junis","KCR","0","0","2","1","6.75","6.84","4.36","1.75",".351","18.2%","7.3%","9.7%","29.6%","13619"
"Enyel De Los Santos","PHI","0","1","1","1","6.75","3.81","2.58","2.04",".519","32.7%","6.1%","16.6%","28.1%","18403"
"Daniel Norris","DET","0","5","2","3","6.75","4.12","3.69","1.66",".405","24.8%","9.5%","12.7%","28.2%","13475"
"Vince Velasquez","PHI","0","0","0","0","6.75","3.17","5.40","2.06",".500","46.2%","30.8%","16.2%","27.7%","11189"
"Brent Honeywell","TBR","0","0","0","0","6.75","17.42","9.73","3.00",".200","0.0%","25.0%","3.7%","14.8%","16466"
"Dan Altavilla","SDP","0","0","0","0","6.75","9.92","3.38","0.75",".000","40.0%","0.0%","4.5%","31.8%","16507"
"Brandon Waddell","- - -","0","0","0","1","6.75","7.35","6.45","2.46",".364","13.7%","17.6%","9.9%","23.9%","18347"
"Richard Lovelady","KCR","0","0","0","0","6.75","8.80","5.21","1.13",".077","17.4%","13.0%","13.8%","28.7%","19337"
"Brusdar Graterol","LAD","0","0","1","0","6.75","3.17","4.31","1.50",".286","15.8%","10.5%","3.0%","27.3%","20367"
"David Hale","PHI","0","0","1","1","6.85","5.07","4.58","1.52",".320","16.2%","7.6%","7.5%","20.6%","9756"
"Cody Stashak","MIN","0","2","0","0","6.89","3.62","3.41","1.66",".389","34.7%","13.3%","17.2%","29.2%","18088"
"Cesar Valdez","BAL","8","0","4","1","6.91","3.76","3.44","1.74",".413","22.8%","5.9%","14.9%","30.8%","9013"
"Tanner Rainey","WSN","1","8","2","2","6.93","6.09","5.10","1.66",".276","26.5%","17.1%","16.3%","29.4%","17610"
"Wes Benjamin","TEX","0","0","1","1","6.94","4.88","5.74","1.97",".371","18.2%","16.4%","11.4%","25.4%","19243"
"JoJo Romero","PHI","0","3","0","0","7.00","8.84","4.22","1.78",".296","18.2%","9.1%","9.4%","25.1%","19574"
"Angel Perdomo","MIL","0","0","0","0","7.11","6.57","4.70","1.58",".227","32.8%","20.7%","11.9%","30.4%","17759"
"Cionel Perez","CIN","0","0","0","2","7.20","6.72","5.99","1.90",".278","19.8%","19.8%","11.1%","26.4%","19614"
"Luis Oviedo","PIT","0","0","0","1","7.23","5.15","4.81","1.77",".340","21.8%","13.8%","9.9%","25.1%","21728"
"J.B. Bukauskas","ARI","0","1","1","1","7.30","5.04","4.63","1.86",".372","15.3%","8.5%","12.2%","27.8%","20491"
"Bryan Garcia","DET","2","3","1","1","7.31","6.73","5.19","1.75",".289","18.1%","12.9%","8.2%","22.1%","19457"
"Alex Lange","DET","0","2","1","1","7.31","6.42","3.92","2.00",".391","25.0%","11.3%","11.8%","28.8%","19883"
"Trevor Williams","CHC","0","0","0","0","7.36","5.90","3.72","1.91",".333","15.0%","5.0%","4.1%","23.0%","16977"
"Joe Jimenez","DET","0","1","1","1","7.52","5.88","5.28","1.77",".292","25.5%","19.4%","11.6%","25.9%","15761"
"Brandon Kintzler","PHI","0","2","2","1","7.54","5.24","3.56","1.76",".385","16.8%","4.7%","6.4%","25.5%","9939"
"Brett De Geus","- - -","0","1","0","0","7.59","4.83","3.96","1.53",".340","19.3%","9.0%","7.5%","26.1%","23592"
"Camilo Doval","SFG","0","5","3","1","7.59","7.58","4.01","1.59",".269","26.0%","12.0%","9.2%","29.0%","21992"
"Geoff Hartlieb","PIT","0","0","0","0","7.71","5.96","6.49","1.71",".250","17.4%","21.7%","4.7%","19.8%","19558"
"Sean Poppen","PIT","0","0","0","0","7.71","6.17","4.41","2.79",".556","15.4%","7.7%","10.9%","32.7%","19583"
"Griffin Canning","LAA","0","0","0","0","7.71","7.03","3.22","0.86",".167","22.2%","0.0%","10.0%","26.7%","19867"
"Jeremy Beasley","TOR","0","0","0","1","7.71","8.10","5.37","1.71",".200","27.7%","19.1%","17.2%","27.3%","20205"
"Nick Margevicius","SEA","0","0","0","1","7.71","7.67","3.78","1.07",".154","20.0%","5.0%","3.6%","28.9%","20395"
"Buck Farmer","DET","0","1","1","0","7.71","7.11","4.49","1.67",".306","22.5%","11.7%","10.0%","25.4%","14814"
"Griffin Jax","MIN","0","0","0","0","7.82","7.75","4.75","1.50",".250","19.3%","8.8%","6.2%","23.1%","20253"
"Shaun Anderson","- - -","0","0","0","0","7.84","5.88","4.74","2.13",".378","19.0%","10.3%","11.7%","28.6%","19453"
"Jordan Zimmermann","MIL","0","0","0","0","7.94","7.05","6.47","1.76",".318","0.0%","7.7%","2.4%","13.4%","4505"
"Jose Quintana","LAA","0","0","0","0","7.94","5.99","3.00","1.76",".400","29.6%","7.4%","8.9%","24.4%","11423"
"Daniel Camarena","SDP","0","0","0","0","7.94","4.23","3.69","1.24",".294","20.8%","4.2%","6.8%","25.0%","14467"
"Kyle Cody","TEX","0","0","0","2","7.94","5.46","3.08","1.59",".394","25.5%","3.6%","11.5%","28.7%","19686"
"Ben Bowden","COL","0","1","1","2","7.94","5.46","5.21","2.18",".393","20.2%","13.5%","10.1%","26.8%","20198"
"Edwin Uceta","LAD","0","0","0","2","7.98","4.81","4.81","1.64",".293","23.2%","14.5%","11.4%","29.5%","20539"
"Lucas Gilbreath","COL","0","1","0","1","7.98","6.85","4.89","1.77",".286","20.0%","14.3%","13.8%","26.8%","21290"
"Adam Kolarek","OAK","0","0","0","0","8.00","7.17","4.89","2.22",".333","7.8%","9.8%","4.7%","25.8%","10843"
"Chris Mazza","TBR","0","0","0","0","8.03","4.39","5.77","1.62",".366","9.8%","7.8%","9.7%","23.1%","14151"
"Wade Davis","KCR","1","1","1","2","8.06","6.52","4.67","1.64",".312","18.5%","9.2%","9.7%","23.2%","7441"
"Corbin Martin","ARI","0","0","0","0","8.10","3.92","5.96","2.40",".423","13.9%","13.9%","11.2%","23.1%","19884"
"Jason Adam","CHC","0","2","0","0","8.22","5.00","3.83","1.96",".471","32.5%","15.0%","13.2%","25.9%","11861"
"Paul Campbell","MIA","0","0","0","1","8.22","3.56","5.15","2.09",".400","22.0%","14.6%","10.3%","24.6%","22248"
"Adam Morgan","CHC","0","0","1","0","8.31","10.56","6.63","2.31",".286","13.0%","17.4%","10.1%","24.2%","12580"
"Jesse Biddle","ATL","0","0","0","0","8.44","5.14","4.94","1.69",".310","21.6%","15.7%","8.1%","26.3%","11437"
"Shawn Armstrong","BAL","0","1","1","0","8.55","5.87","4.36","1.90",".371","22.0%","10.0%","13.0%","26.3%","12857"
"Justin Wilson","NYY","0","2","1","1","8.59","6.58","4.69","1.64",".289","18.6%","10.0%","7.2%","22.4%","4301"
"Chris Devenski","ARI","1","1","2","0","8.59","6.58","4.77","1.77",".360","14.3%","5.7%","11.7%","29.0%","12763"
"Demarcus Evans","TEX","0","1","2","2","8.68","5.21","4.17","1.93",".391","30.4%","15.2%","14.1%","27.8%","21087"
"Michael Feliz","- - -","1","0","0","0","8.79","3.66","3.91","1.81",".432","25.0%","7.4%","12.4%","30.7%","11903"
"Matt Bush","TEX","0","2","0","0","9.00","14.50","4.00","1.67",".167","28.6%","7.1%","12.5%","28.6%","1246"
"Dellin Betances","NYM","0","0","0","0","9.00","7.17","5.12","1.00",".000","20.0%","20.0%","4.8%","19.0%","6216"
"Seth Frankoff","ARI","0","0","0","0","9.00","16.17","7.53","3.00",".400","0.0%","0.0%","11.8%","17.6%","11346"
"Brett Phillips","TBR","0","0","0","0","9.00","9.17","10.06","4.00",".400","0.0%","28.6%","8.7%","21.7%","14735"
"Stevie Wilkerson","BAL","0","0","0","0","9.00","16.17","5.56","2.00",".250","0.0%","0.0%","8.3%","25.0%","16041"
"Domingo Acevedo","OAK","0","0","0","0","9.00","9.84","3.00","1.67",".375","23.1%","0.0%","15.7%","23.5%","17092"
"Yermin Mercedes","CHW","0","0","0","0","9.00","9.17","10.99","5.00",".600","0.0%","28.6%","3.1%","21.9%","17423"
"Cody Ponce","PIT","0","0","0","0","9.00","0.50","1.87","2.00",".545","26.7%","0.0%","15.9%","34.1%","17920"
"Bernardo Flores Jr.","STL","0","0","0","0","9.00","9.17","","3.00","1.000","0.0%","66.7%","0.0%","8.3%","19561"
"Braxton Garrett","MIA","0","0","0","0","9.00","3.84","3.99","1.33",".333","15.4%","7.7%","11.8%","23.5%","21844"
"Spencer Howard","PHI","0","0","0","0","9.00","2.00","3.68","2.17",".533","35.5%","16.1%","13.3%","28.0%","23252"
"Nick Nelson","NYY","0","0","0","1","9.00","2.35","3.41","1.73",".444","33.3%","13.0%","15.6%","29.3%","20153"
"Jose De Leon","CIN","0","0","0","0","9.00","2.50","3.51","1.89",".478","32.6%","13.0%","13.6%","31.6%","15463"
"Will Harris","WSN","0","0","0","1","9.00","3.84","3.38","1.67",".353","30.0%","10.0%","11.9%","23.7%","3192"
"Derek Holland","DET","0","2","0","0","9.24","3.64","4.26","2.13",".436","25.8%","13.6%","9.7%","29.6%","4141"
"Kyle Nelson","CLE","0","0","0","0","9.31","4.62","5.88","1.86",".323","16.3%","16.3%","11.4%","31.3%","20515"
"Michael Wacha","TBR","0","1","0","0","9.42","8.47","3.82","1.74",".333","22.7%","7.6%","9.4%","23.8%","14078"
"Anthony Swarzak","- - -","0","0","0","1","9.49","6.41","4.27","1.70",".390","16.1%","1.8%","8.0%","26.6%","7466"
"Chase Anderson","PHI","0","0","0","0","9.53","2.64","5.00","1.59",".381","12.0%","4.0%","8.1%","25.7%","6895"
"Ryan Sherriff","TBR","0","0","1","1","9.64","2.96","3.76","2.14",".471","20.0%","8.0%","11.5%","33.3%","12249"
"Josh Lindblom","MIL","0","0","0","0","9.72","7.37","4.92","1.98",".360","20.0%","11.8%","9.1%","25.7%","7882"
"Kyle Ryan","CHC","0","0","0","0","9.82","6.72","4.46","2.73",".467","14.3%","9.5%","6.3%","28.8%","11753"
"Alex Blandino","CIN","0","0","0","0","9.82","9.44","8.80","2.18",".250","5.6%","22.2%","5.6%","20.8%","16271"
"Jesus Luzardo","OAK","0","1","0","1","9.90","10.17","4.18","1.70",".269","21.7%","8.7%","13.9%","26.0%","19959"
"Randy Dobnak","MIN","1","0","0","3","10.47","6.11","3.85","1.71",".357","16.9%","3.9%","7.4%","28.3%","23798"
"Jaime Barria","LAA","0","0","0","0","10.50","5.34","8.05","2.00",".318","3.6%","17.9%","9.6%","20.9%","18356"
"Yency Almonte","COL","0","3","2","2","10.67","7.32","5.49","1.93",".308","18.2%","15.9%","10.5%","25.5%","15068"
"Wyatt Mills","SEA","0","0","0","0","10.80","5.33","4.51","2.28",".429","18.2%","13.6%","8.5%","26.2%","20010"
"Shane Greene","ATL","0","2","1","1","10.80","6.77","4.40","2.00",".379","23.5%","11.8%","7.6%","24.0%","10756"
"Carl Edwards Jr.","- - -","0","0","1","0","11.12","9.52","4.68","2.47",".421","19.4%","9.7%","11.7%","25.2%","13607"
"Justin Miller","- - -","1","2","0","0","11.12","11.29","3.90","1.76",".286","23.1%","7.7%","10.2%","30.6%","8580"
"T.J. Zeuch","TOR","0","0","0","2","11.25","14.42","6.39","3.25",".400","12.0%","16.0%","8.3%","25.0%","19269"
"Matt Shoemaker","MIN","0","0","0","1","12.10","9.48","5.70","2.07",".303","12.0%","12.0%","8.4%","22.1%","4776"
"Aaron Fletcher","SEA","0","0","0","0","12.27","6.44","4.72","2.18",".375","10.0%","5.0%","12.8%","31.4%","22052"
"Jose Quijada","LAA","0","0","0","0","12.27","3.99","5.94","2.45",".444","30.0%","25.0%","15.9%","29.3%","19200"
"Luis Avilan","WSN","0","0","0","1","12.60","6.57","5.32","2.00",".333","14.8%","11.1%","7.4%","19.4%","2882"
"Brooks Kriske","NYY","0","0","0","0","12.60","11.17","4.81","2.20",".375","15.4%","7.7%","9.9%","20.9%","21189"
"Tyler Webb","STL","0","2","0","0","13.22","5.74","6.85","2.51",".362","15.2%","20.7%","8.2%","23.0%","14974"
"Chris Archer","TBR","0","0","0","1","13.50","2.67","4.96","2.50",".500","18.2%","9.1%","11.5%","21.2%","6345"
"Mike Kickham","LAD","0","0","0","0","13.50","10.67","4.60","3.00",".571","16.7%","8.3%","8.9%","20.0%","11618"
"Brady Lail","SEA","0","0","0","0","13.50","8.67","5.31","2.00",".375","10.0%","0.0%","14.3%","35.7%","14707"
"Jesse Hahn","KCR","1","1","2","0","13.50","13.67","6.69","2.70",".333","15.8%","21.1%","4.5%","22.7%","13287"
"Jay Flaa","- - -","0","0","0","0","13.50","14.05","6.37","2.25",".200","23.1%","23.1%","18.0%","27.9%","18140"
"Jace Fry","CHW","0","0","0","0","13.50","12.17","7.69","3.00",".500","20.0%","30.0%","8.2%","24.5%","16159"
"Josh Reddick","ARI","0","0","0","0","13.50","27.17","8.95","4.50",".333","0.0%","20.0%","0.0%","23.5%","3892"
"Luis Garcia","STL","0","0","0","0","13.50","4.67","3.03","3.00",".667","20.0%","0.0%","20.0%","30.0%","6984"
"Ian Krol","DET","0","0","0","0","13.50","3.92","6.51","2.25",".400","14.3%","14.3%","5.7%","22.9%","10066"
"Wil Crowe","PIT","0","0","0","0","13.50","6.17","8.45","4.50","1.000","40.0%","40.0%","10.7%","32.1%","19800"
"Mac Sceroler","BAL","0","0","0","0","14.09","13.61","4.93","2.87",".391","22.9%","14.6%","14.6%","26.3%","22218"
"Thomas Szapucki","NYM","0","0","0","0","14.73","10.53","5.18","2.73",".455","20.0%","15.0%","11.0%","24.4%","21065"
"Ryan Weber","- - -","0","0","0","0","14.85","9.77","3.57","2.40",".500","21.2%","6.1%","12.6%","30.1%","10160"
"Luis Madero","MIA","0","0","0","0","15.00","7.84","7.98","2.33",".385","6.3%","6.3%","8.1%","29.0%","20399"
"Trevor Hildenberger","NYM","0","0","0","0","15.43","10.46","5.37","2.57",".400","28.6%","21.4%","6.9%","25.9%","17002"
"Jordan Weems","- - -","0","0","1","1","15.88","8.99","5.63","2.12",".286","23.3%","20.0%","9.7%","21.6%","13190"
"Jake Newberry","KCR","0","0","0","0","16.62","8.94","4.71","3.00",".571","20.8%","12.5%","11.0%","25.0%","15136"
"Scott Kazmir","SFG","0","0","0","0","18.00","15.17","4.24","4.00",".667","28.6%","14.3%","7.1%","21.4%","4897"
"Darin Ruf","SFG","0","0","0","0","18.00","3.17","8.59","3.00",".500","0.0%","0.0%","4.8%","14.3%","9929"
"Andy Burns","LAD","0","0","0","0","18.00","14.17","3.88","3.00",".500","16.7%","0.0%","8.3%","29.2%","12779"
"Anthony Bemboom","LAA","0","0","0","0","18.00","16.17","6.21","3.00",".333","0.0%","0.0%","0.0%","19.0%","13854"
"Stephen Tarpley","NYM","0","0","0","0","18.00","12.17","","3.00","1.000","0.0%","50.0%","6.7%","20.0%","15859"
"Luis Guillorme","NYM","0","0","0","0","18.00","6.17","8.30","4.00",".500","0.0%","14.3%","0.0%","18.8%","16451"
"Vinny Nittoli","SEA","0","0","0","0","18.00","20.17","9.47","3.00",".000","16.7%","33.3%","15.4%","19.2%","16754"
"Jake Rogers","DET","0","0","0","0","18.00","6.17","8.36","3.00",".400","0.0%","16.7%","5.9%","23.5%","19452"
"Kyle Muller","ATL","0","0","0","0","18.00","1.17","2.61","4.00",".667","14.3%","0.0%","28.0%","40.0%","20167"
"Trevor Megill","CHC","0","0","0","0","18.00","15.50","8.44","4.00",".455","10.0%","25.0%","6.4%","23.1%","17722"
"Mickey Jannis","BAL","0","0","0","0","18.90","17.87","8.76","3.60",".385","4.8%","19.0%","0.0%","26.8%","11071"
"Kyle Lobstein","WSN","0","0","0","0","20.25","13.67","5.62","3.00",".400","12.5%","12.5%","5.9%","20.6%","9178"
"Beau Burrows","DET","0","0","0","0","21.60","3.17","4.94","2.40",".500","33.3%","22.2%","8.0%","24.0%","18873"
"Gregory Santos","SFG","0","1","0","2","22.50","22.67","5.08","3.50",".400","23.1%","15.4%","9.4%","28.3%","21894"
"David Peralta","ARI","0","0","0","0","27.00","17.17","4.60","4.00",".500","11.1%","0.0%","7.1%","25.0%","2136"
"Albert Almora Jr.","NYM","0","0","0","0","27.00","22.17","8.36","2.00",".000","0.0%","16.7%","7.1%","17.9%","14109"
"Tyler Beede","SFG","0","0","0","0","27.00","2.17","2.06","2.00",".667","33.3%","0.0%","14.3%","25.0%","16981"
"Jonathan Stiever","CHW","0","0","0","0","27.00","3.17","","4.00","1.000","0.0%","0.0%","6.7%","20.0%","24584"
"Jimmy Lambert","CHW","0","0","0","0","27.00","16.67","6.32","4.50",".750","20.0%","20.0%","15.6%","28.9%","19541"
"Chaz Roe","TBR","0","1","0","0","27.00","1.67","3.98","3.00","1.000","50.0%","25.0%","13.0%","30.4%","9866"
"Miguel Del Pozo","DET","0","0","0","0","27.00","0.17","3.48","4.50",".750","20.0%","0.0%","11.8%","23.5%","18792"
"Shelby Miller","CHC","0","0","0","0","31.50","9.67","9.53","6.00",".583","5.6%","27.8%","4.7%","14.1%","10197"
"Konner Wade","BAL","0","0","0","0","32.40","11.57","6.22","4.80",".600","7.7%","7.7%","11.6%","20.9%","14655"
"Keury Mella","ARI","0","0","0","0","32.40","19.97","6.24","6.00",".667","13.3%","13.3%","6.0%","20.0%","15964"
"Colten Brewer","BOS","0","0","0","0","36.00","10.17","9.08","7.00",".800","11.1%","33.3%","6.7%","13.3%","12997"
"Robel Garcia","HOU","0","0","0","0","36.00","29.17","7.77","5.00",".500","0.0%","0.0%","0.0%","13.8%","13167"
"Neftali Feliz","PHI","0","0","1","1","36.00","18.17","4.39","5.00",".750","22.2%","11.1%","8.8%","17.6%","18"
"Felix Pena","LAA","0","0","0","0","37.80","7.97","8.08","6.60",".700","12.5%","25.0%","18.5%","26.2%","13403"
"Wilmer Difo","PIT","0","0","0","0","72.00","23.17","9.43","9.00",".714","8.3%","25.0%","5.0%","17.5%","14320"
"Zack Godley","MIL","0","0","1","0","81.00","81.17","7.10","9.00",".500","0.0%","0.0%","20.0%","20.0%","14862"
"Roel Ramirez","STL","0","0","0","0","81.00","21.17","16.54","9.00",".500","0.0%","50.0%","7.1%","21.4%","16470"
